Weather_Conditions,Avg_Delivery_Time_Min
Cloudy,28.490458015267176
Fog,29.256781193490053
Sandstorms,25.25686274509804
Stormy,25.68093385214008
Sunny,22.319926873857405
Windy,25.889483065953655
