Distance_Bucket,Avg_Delivery_Time_Min
0-2km,26.42064714946071
2-5km,26.191384180790962
5-8km,25.952321204516938
8-12km,25.674342105263158
12-20km,27.390243902439025
20-50km,38.0
