Road_Traffic_Density,Avg_Delivery_Time_Min
High,27.157556270096464
Jam,31.108024691358025
Low,21.331221719457012
Medium,26.392204628501826
