Phase,Avg_Delivery_Time,Avg_Distance,Avg_Efficiency_Percent,Total_Orders
Crisis,26.43844696969697,4.015151515151516,33.91923112947651,1056
Pre-crisis,26.193339500462535,3.908418131359852,33.079346775591944,1081
Recovery,25.828358208955223,3.951492537313433,34.165132524830405,1072
